Id,EUde,EUen,EUit,EUnl,EUru,EUfr,EUes,USen,USfr,USes,JPja,KRko,TWzh,CNzh
ant00,Theo,Cyrano,Cirano,Cyrano,Сирано,Cyrano,Cirano,Cyrano,Cyrano,Cirano,さくらじま,사지마,陽明,阳明
ant01,Siggi,Antonio,Antonio,Antonio,Антонио,Antonio,Antonio,Antonio,Antonio,Antonio,マコト,퍼머거,阿誠,阿诚
ant02,Mathilda,Pango,Carlotta,Pango,Панго,Mathilda,Aspidora,Pango,Mathilda,Aspidora,パトラ,패트라,佩希,佩希
ant03,Annabell,Anabelle,Annalisa,Anabelle,Анабель,Anabelle,Anabel,Anabelle,Anabelle,Anabel,あるみ,아롱이,有美,有美
ant05,Zoe,Zoe,Zoe,Zoe,Зои,Cléo,Naricia,Zoe,Cléo,Naricia,ビーフン,소면,米粉,米粉
ant06,Hilde,Snooty,Lucrezia,Snooty,Снути,Tarina,Rosanari,Snooty,Tarina,Rosanari,こまち,스누티,貴妃,贵妃
ant08,Annalena,Annalisa,Anita,Annalisa,Аннализа,Roberta,Alba,Annalisa,Roberta,Alba,みやび,설백,小雅,小雅
ant09,Olaf,Olaf,Ettore,Olaf,Олаф,Blair,Olaf,Olaf,Blair,Olaf,アントニオ,안토니오,安東尼,安东尼
bea00,Torsten,Teddy,Teddy,Teddy,Тедди,Teddy,Teddy,Teddy,Teddy,Teddy,たいへいた,병태,太平,太平
bea01,Pia,Pinky,Pinky,Pinky,Пинки,Rosine,Violeta,Pinky,Rosine,Violeta,タンタン,링링,丹丹,丹丹
bea02,Kurt,Curt,Curt,Curt,Керт,Curt,Gorbaché,Curt,Curt,Gorbaché,ガンテツ,뚝심,鐵熊,铁熊
bea03,Chang,Chow,Chowchow,Chow,Чау,Chulin,Pando,Chow,Chulin,Pando,チャウヤン,츄양,朝陽,朝阳
bea05,Nathan,Nate,Gianni,Nate,Нэйт,Nathan,Nachete,Nate,Nathan,Nachete,バッカス,박하스,巴克思,巴克思
bea06,Ernst,Groucho,Groucho,Groucho,Граучо,Ronchon,Groucho,Groucho,Ronchon,Groucho,クロー,거무틱,爪爪,爪爪
bea07,Mandy,Tutu,Lola,Tutu,Туту,Tutu,Tutú,Tutu,Tutu,Tutú,れんにゅう,연유,戀戀,恋恋
bea08,Ursula,Ursala,Ursula,Ursala,Урсала,Oursula,Úrsula,Ursala,Oursula,Úrsula,ネーヤ,네이아,妮雅,妮雅
bea09,Gerald,Grizzly,Grizzly,Grizzly,Гризли,Grizzly,Gruñón,Grizzly,Grizzly,Gruñón,ムー,무뚝,穆穆,穆穆
bea10,Paula,Paula,Bruna,Paula,Паула,Wendy,Lizi,Paula,Wendy,Lizi,レイチェル,레이첼,瑞秋,瑞秋
bea11,Ike,Ike,Ortensio,Ike,Айк,Isaac,Astillas,Ike,Isaac,Astillas,ダイク,대공,大功,大功
bea12,Tabea,Charlise,Orsola,Charlise,Шарлиз,Zabou,Charo,Charlise,Zabou,Charo,チャーミー,챠미,恰咪,恰咪
bea13,Berthold,Beardo,Barnaba,Beardo,Беардо,Eustache,Bernabé,Beardo,Eustache,Bernabé,ベアード,베어드,熊大叔,熊大叔
bea14,Grischa,Klaus,Maciste,Klaus,Клаус,Klaus,Gruñerto,Klaus,Klaus,Gruñerto,クマロス,곰도로스,熊戰士,熊战士
bea15,Dagmar,Megan,Dolcinia,Megan,Меган,Candy,Carmela,Megan,Candy,Carmela,キャンディ,캔디,糖果,糖果
brd00,Jan,Jay,Jet,Jay,Джей,Gérard,Jota,Jay,Gérard,Jairo,ツバクロ,참돌이,阿燕,阿燕
brd01,Jule,Robin,Rossana,Robin,Робин,Robie,Aria,Robin,Robie,Aria,パーチク,파틱,喳喳,喳喳
brd02,Armin,Anchovy,Acciuga,Anchovy,Анчоуи,Miguel,Boquerón,Anchovy,Miguel,Boquerón,アンチョビ,안쵸비,鳳尾,凤尾
brd03,Twiggy,Twiggy,Titti,Twiggy,Твигги,Titi,Tití,Twiggy,Titi,Tití,ピーチク,핀틱,嘰嘰,叽叽
brd04,Alex,Jitters,Brivido,Jitters,Джиттерс,Gilbert,Camelio,Jitters,Gilbert,Camelio,ジーニョ,딩요,紀諾,纪诺
brd05,Iris,Piper,Giuliva,Piper,Пайпер,Neige,Bárbara,Piper,Neige,Bárbara,レイコ,파이프,麗婷,丽婷
brd06,Ansgar,Admiral,Adolfo,Admiral,Адмирал,Maréchal,Avutardo,Admiral,Maréchal,Avutardo,イッテツ,일섭,李徹,李彻
brd08,Anna,Midge,Minù,Midge,Мидж,Michèle,Paloma,Midge,Michèle,Paloma,うずまき,핑글이,小酒窩,小酒窝
brd09,Helge,Ace,Asso,Ace,Эйс,Boumboum,Uno,Ace,Boumboum,Uno,フェザー,페더,羽毛,羽毛
brd11,Jesko,Jakey,Valerio,Jacob,Джейкоб,Jacob,Repollo,Jacob,Jacob,Repollo,ジャコテン,야곱,余板,余板
brd15,Lukas,Lucha,Loreto,Lucha,Луча,Condor,Plumerio,Lucha,Condor,Plumerio,マスカラス,마스카라스,摔角鴉,摔角鸦
brd16,Pierre,Jacques,Zampiero,Jacques,Жак,Jacky,Gorrelmo,Jacques,Jacky,Gorrelmo,ジョッキー,쪼끼,趙奇,赵奇
brd17,Picko,Peck,Gheppio,Peck,Пек,Pec,Picuet,Peck,Pec,Picuet,ふみたろう,문대,文雄,文雄
brd18,Nestor,Sparro,Piumardo,Sparro,Спарро,Darius,Jaime,Sparro,Darius,Jaime,ちゅんのすけ,춘섭,周之翔,周之翔
bul00,Angus,Angus,Angus,Angus,Ангус,Angus,Aliste,Angus,Angus,Aliste,セルバンテス,반데스,施萬德,施万德
bul01,Toro,Rodeo,Rodeo,Rodeo,Родео,Flèche,Rodeo,Rodeo,Flèche,Rodeo,ロデオ,로데오,羅迪歐,罗迪欧
bul03,Carlos,Stu,Carlos,Stu,Стью,Beubeu,Vitorino,Stu,Beubeu,Vitorino,モーリス,모리스,毛樂時,毛乐时
bul05,Marius,T-Bone,Victor,T-Bone,Ти-Боун,Steakos,Bovi,T-Bone,Steakos,Bovi,ボルシチ,티본,羅宋,罗宋
bul07,Arnold,Coach,Ercole,Coach,Коуч,Arnold,Cacho,Coach,Arnold,Cacho,テッチャン,철소,大常,大常
bul08,Klaus,Vic,Paco,Vic,Вик,Toto,Artorito,Vic,Toto,Artorito,ノルマン,노르망,盧爾曼,卢尔曼
cat00,Jens,Bob,Bob,Bob,Боб,Robert,Arándano,Bob,Robert,Arándano,ニコバン,히죽,阿判,阿判
cat01,Miezi,Mitzi,Zampetta,Mitzi,Митци,Mistigri,Misi,Mitzi,Mistigri,Misi,マール,마르,圓圓,圆圆
cat02,Sophie,Rosie,Grinfia,Rosie,Рози,Rosie,Minina,Rosie,Rosie,Minina,ブーケ,부케,彭花,彭花
cat03,Bianca,Olivia,Micina,Olivia,Оливия,Olivia,Olivia,Olivia,Olivia,Olivia,オリビア,올리비아,奧莉,奥莉
cat04,Kiki,Kiki,Kiki,Kiki,Кики,Kiki,Ágata,Kiki,Kiki,Ágata,キャビア,캐비어,余子醬,余子酱
cat05,Tanja,Tangy,Arancina,Tangy,Тэнджи,Marine,Tricia,Tangy,Marine,Tricia,ヒャクパー,백프로,純純,纯纯
cat06,Julian,Punchy,Felix,Punchy,Панчи,Cédric,Félix,Punchy,Cédric,Félix,ビンタ,빙티,爾光,尔光
cat07,Franka,Purrl,Felidia,Purrl,Перл,Perle,Wanda,Purrl,Perle,Wanda,たま,타마,小玉,小玉
cat08,Tristan,Moe,Moe,Moe,Моэ,Momo,Tristán,Moe,Momo,Tristán,ジンペイ,진상,仁平,仁平
cat09,Kabuki,Kabuki,Kabuki,Kabuki,Кабуки,Kabuki,Kabuki,Kabuki,Kabuki,Kabuki,かぶきち,가북희,戈伍紀,戈伍纪
cat10,Pit,Kid Cat,Zampa,Kid Cat,Кид Кэт,Câlin,Gatomán,Kid Cat,Câlin,Gatomán,１ごう,1호,阿一,阿一
cat11,Monique,Monique,Marylin,Monique,Моник,Monique,Monique,Monique,Monique,Monique,ジェーン,제인,珍珍,珍珍
cat12,Zita,Tabby,Lisca,Tabby,Тэбби,Tigri,Liana,Tabby,Tigri,Liana,トラこ,호냥이,小虎,小虎
cat13,Stefan,Stinky,Puzzolo,Stinky,Стинки,Tupux,Micifuz,Stinky,Tupux,Micifuz,アセクサ,땀띠,男子汗,男子汗
cat14,Karen,Kitty,Ester,Kitty,Китти,Kitty,Kasandra,Kitty,Kitty,Kasandra,ショコラ,쇼콜라,朱古莉,朱古莉
cat15,Timo,Tom,Isidoro,Tom,Том,Tom,Zapirón,Tom,Tom,Zapirón,バンタム,밴덤,阿邦,阿邦
cat16,Mischka,Merry,Katy,Merry,Мерри,Suzy,Susi,Merry,Suzy,Susi,さっち,유네찌,莎莎,莎莎
cat17,Minka,Felicity,Milly,Felicity,Фелисити,Maud,Micha,Felicity,Maud,Micha,みかっち,예링,美佳,美佳
cat18,Feline,Lolly,Maty,Lolly,Лолли,Linette,Feli,Lolly,Linette,Feli,ラムネ,사이다,檸檬娜,柠檬娜
cat19,Kleo,Ankha,Cleo,Ankha,Анка,Neferti,Patri,Ankha,Neferti,Patri,ナイル,클레오,艷后,艳后
cat20,Heinz,Rudy,Gomitolo,Rudy,Руди,Rougepif,Rufino,Rudy,Rougepif,Rufino,チャス,찰스,茶茶,茶茶
cat21,Janine,Katt,Ofelia,Katt,Кэт,Kat,Melina,Katt,Kat,Melina,ちょい,쵸이,巧巧,巧巧
cat23,Gunnar,Raymond,Raimondo,Raymond,Реймонд,Raymond,Narciso,Raymond,Raymond,Narciso,ジャック,잭슨,傑克,杰克
cbr00,Birte,Bluebear,Azzurra,Bluebear,Блюбеар,Myrtille,Celeste,Bluebear,Myrtille,Celeste,グルミン,글루민,娃娃,娃娃
cbr01,Mona,Maple,Dulcinea,Maple,Мейпл,Léa,Dulce,Maple,Léa,Dulce,メープル,메이첼,小楓,小枫
cbr02,Toni,Poncho,Poncho,Poncho,Пончо,Théo,Poncho,Poncho,Théo,Poncho,ポンチョ,봉추,蓬蓬,蓬蓬
cbr03,Bertram,Pudge,Tombolo,Pudge,Падж,Gradub,Bollito,Pudge,Gradub,Bollito,きんぞう,우띠,阿欽,阿钦
cbr04,Bernd,Kody,Salomone,Kody,Коди,Bill,Orestes,Kody,Bill,Orestes,アイダホ,아이다호,艾德豪,艾德豪
cbr05,Berry,Stitches,Toppetta,Stitches,Стичес,Miro,Parches,Stitches,Miro,Parches,パッチ,패치,玩具熊,玩具熊
cbr06,Vladimir,Vladimir,Vladimir,Vladimir,Владимир,Vladimir,Vladimir,Vladimir,Vladimir,Vladimir,ガビ,곰비,嘉弼,嘉弼
cbr07,Michael,Murphy,Marcello,Murphy,Мерфи,Eddie,Orsón,Murphy,Eddie,Orsón,のりお,머피,憲雄,宪雄
cbr09,Linda,Olive,Olivia,Olive,Олив,Grisa,Osalina,Olive,Grisa,Osalina,ピッコロ,올리브,畢克蘿,毕克萝
cbr10,Claudia,Cheri,Bonbon,Cheri,Шери,Rosalie,Cerecita,Cheri,Rosalie,Cerecita,アセロラ,아세로라,櫻桃,樱桃
cbr13,Juna,June,June,June,Джун,Agnès,Hanalulú,June,Agnès,Hanalulú,メイ,메이,阿妹,阿妹
cbr14,Sandrine,Pekoe,Mina,Pekoe,Пеко,Pauline,Vera,Pekoe,Pauline,Vera,ジャスミン,재스민,佳敏,佳敏
cbr15,Eduard,Chester,Clemente,Chester,Честер,Placide,Osunio,Chester,Placide,Osunio,パンタ,팬타,胖達,胖达
cbr16,Hubert,Barold,Placido,Barold,Барольд,Manu,Plácido,Barold,Manu,Plácido,ニッシー,곰시,阿西,阿西
cbr17,Tatjana,Tammy,Tamara,Tammy,Тамми,Vanessa,Aída,Tammy,Vanessa,Aída,アネッサ,아네사,然姐,然姐
cbr18,Marty,Marty,Marty,Marty,Марти,Marty,Marty,Marty,Marty,Marty,マーティー,마티,瑪丁,玛丁
cbr19,Misuzu,Judy,Misuzu,Judy,Джуди,Laura,Rosezna,Judy,Laura,Rosezna,みすず,미애,美玲,美玲
chn00,Konrad,Goose,Chiricò,Goose,Гус,Pouli,Gus,Goose,Pouli,Gus,ケンタ,건태,肯肯,肯肯
chn01,Benedikt,Benedict,Biagio,Benedict,Бенедикт,Dimitri,Benito,Benedict,Dimitri,Benito,ぺしみち,페니실린,沛希,沛希
chn02,Waldemar,Egbert,Chicco,Egbert,Эгберт,Herbert,Norberto,Egbert,Herbert,Norberto,しもやけ,김희,黃金雞,黄金鸡
chn05,Gisela,Ava,Ava,Ava,Ава,Eva,Ava,Ava,Eva,Ava,ドミグラ,에바,陶米咕,陶米咕
chn09,Inga,Becky,Annetta,Becky,Бекки,Sonya,Ramina,Becky,Sonya,Ramina,アリア,아리아,詠旋,咏旋
chn10,Mareile,Plucky,Cocca,Plucky,Плаки,Poulette,Herminia,Plucky,Poulette,Herminia,パタヤ,파타야,帕塔雅,帕塔雅
chn11,Tschiwi,Knox,Kalin,Knox,Нокс,Wolfram,Tono,Knox,Wolfram,Tono,キンカク,금끼오,金閣,金阁
chn12,Elfriede,Broffina,Concetta,Broffina,Броффина,Jo,Brunilda,Broffina,Jo,Brunilda,カサンドラ,히킨,凱西,凯西
chn13,Hannes,Ken,Aligalli,Ken,Кен,Ken,Pichón,Ken,Ken,Pichón,クロベエ,오골,烏骨雞,乌骨鸡
cow00,Patricia,Patty,Patty,Patty,Пэтти,Margaux,Vacarena,Patty,Margaux,Vacarena,カルピ,밀크,阿排,阿排
cow01,Angela,Tipper,Tipper,Tipper,Типпер,Valé,Pinta,Tipper,Valé,Pinta,まきば,마틸다,牧牧,牧牧
cow06,Nelly,Norma,Norma,Norma,Норма,Norma,Norma,Norma,Norma,Norma,いさこ,미자,晨曦,晨曦
cow07,Jolanda,Naomi,Melina,Naomi,Наоми,Maiko,Regina,Naomi,Maiko,Regina,ハナコ,화자,玉蘭,玉兰
crd00,Markus,Alfonso,Alfonso,Alfonso,Альфонсо,Alphonse,Kaimán,Alfonso,Alphonse,Kaimán,アルベルト,알베르트,阿泥,阿泥
crd01,Ali,Alli,Alli,Alli,Элли,Allie,Codrila,Alli,Allie,Codrila,クロコ,크로크,鱷羅思,鳄罗思
crd02,Tilmann,Boots,Crocco,Boots,Бутс,Croko,Braulio,Boots,Croko,Braulio,ホウサク,풍작,豐年,丰年
crd04,Krokki,Del,Krokki,Del,Дел,Hector,Croco,Del,Hector,Croco,ヤマト,파도맨,大和,大和
crd05,Juri,Roswell,Ulfo,Roswell,Розуэлл,Roswell,Roswell,Roswell,Roswell,Roswell,ピロンコン,삐로코,皮隆孔,皮隆孔
crd06,Steve,Sly,Driberto,Sly,Слай,Chuck,Estallón,Sly,Chuck,Estallón,ハイド,하이드,海德,海德
crd07,Rosa,Gayle,Codrilla,Gayle,Гейл,Odile,Boni,Gayle,Odile,Boni,アリゲッティ,앨리,愛莉,爱莉
crd08,Frederik,Drago,Dragonio,Drago,Драго,Drago,Dragonio,Drago,Drago,Dragonio,タツオ,용남이,阿龍,阿龙
der00,Fatima,Fauna,Cervina,Fauna,Фауна,Bibi,Fauna,Fauna,Bibi,Fauna,ドレミ,솔미,音音,音音
der01,Benjamin,Bam,Cornelio,Bam,Бам,Nacer,Cornelio,Bam,Nacer,Cornelio,タケル,록키,小健,小健
der02,Walter,Zell,Antilio,Zell,Зелл,Régis,Corvilo,Zell,Régis,Corvilo,ネルソン,넬슨,森森,森森
der03,Oswald,Bruce,Arturo,Bruce,Брюс,Boubou,Aristo,Bruce,Boubou,Aristo,ブルース,브루스,布鹿斯,布鹿斯
der04,Dina,Deirdre,Daria,Deirdre,Дейрдре,Bichoune,Venada,Deirdre,Bichoune,Venada,ナディア,나디아,娣雅,娣雅
der05,Eckart,Lopez,Lopez,Lopez,Лопес,Jon,Agreste,Lopez,Jon,Agreste,トムソン,톰슨,湯姆,汤姆
der06,Selina,Fuchsia,Fuxia,Fuchsia,Фуксия,Rosanne,Rosalina,Fuchsia,Rosanne,Rosalina,ジェシカ,제시카,潔西卡,洁西卡
der07,Martin,Beau,Gigi,Beau,Бью,Stefaon,Lope,Beau,Stefaon,Lope,ペーター,피터,彼得,彼得
der08,Vroni,Diana,Diana,Diana,Диана,Didi,Bambina,Diana,Didi,Bambina,ナタリー,나탈리,倪家莉,倪家莉
der09,Erik,Erik,Cervasio,Erik,Эрик,Abraham,Cervasio,Erik,Abraham,Cervasio,チャック,자끄,查克,查克
der10,Chelsea,Chelsea,Chelsea,Chelsea,Челси,Chelsea,Chelsea,Chelsea,Chelsea,Chelsea,チェルシー,첼시,雀兒喜,雀儿喜
der11,Yoshino,Shino,Sakura,Shino,Сино,Shino,Yuki,Shino,Shino,Yuki,よしの,요비,佳芝,佳芝
dog00,Bienchen,Goldie,Dora,Goldie,Голди,Mirza,Tere,Goldie,Mirza,Tere,キャラメル,카라멜,牛奶糖,牛奶糖
dog01,Hasso,Butch,Attila,Butch,Бутч,Avril,Bruno,Butch,Avril,Bruno,ジョン,존,約翰,约翰
dog02,Viktor,Lucky,Felice,Lucky,Лаки,Ramsès,Pupas,Lucky,Ramsès,Pupas,ラッキー,럭키,大吉,大吉
dog03,Keks,Biskit,Buffetto,Biskit,Бискит,Crocket,Amnesio,Biskit,Crocket,Amnesio,ロビン,로빈,羅賓,罗宾
dog04,Strolch,Bones,Tobia,Bones,Боунс,Nonos,Cándido,Bones,Nonos,Cándido,トミ,토미,阿富,阿富
dog05,Isolde,Portia,Porzia,Portia,Порция,Dalma,Amanda,Portia,Dalma,Amanda,ブレンダ,블랜더,傅蘭,傅兰
dog06,Fido,Walker,Walter,Walker,Уокер,George,Miki,Walker,George,Miki,ベン,벤,阿笨,阿笨
dog07,Doris,Daisy,Fiorella,Daisy,Дейзи,Naomie,Luisa,Daisy,Naomie,Luisa,バニラ,바닐라,香草,香草
dog08,Rosi,Cookie,Briciola,Cookie,Куки,Cookie,Purita,Cookie,Cookie,Purita,ペリーヌ,베리,珮琳,珮琳
dog09,Agnes,Maddie,Cristina,Maddie,Мэдди,Olympe,Martina,Maddie,Olympe,Martina,マロン,마롱,麻蓉,麻蓉
dog10,Bea,Bea,Cucciola,Bea,Беа,Béa,Bea,Bea,Béa,Bea,ベーグル,베이글,貝果,贝果
dog11,Jupp,Frett,Lionello,Frett,Фретт,Foufou,Ulises,Frett,Foufou,Ulises,シャンペン,샹펜,祥平,祥平
dog14,Wuffi,Mac,Teo,Mac,Мак,Brutus,Pit,Mac,Brutus,Pit,チャンプ,챔프,金牌,金牌
dog15,Ronaldo,Marcel,Giosuè,Marcel,Марсель,Ismaël,Eto,Marcel,Ismaël,Eto,もんじゃ,에드워드,文字燒,文字烧
dog16,Wastl,Benjamin,Bernardo,Benjamin,Бернардо,Bernardo,Bernardo,Benjamin,Bernardo,Bernardo,ハチ,땡칠이,小八,小八
dog17,Bella,Cherry,Amarena,Cherry,Черри,Anna,Luna,Cherry,Anna,Luna,ハンナ,한나,花娜,花娜
dog18,Thomas,Shep,Frangino,Shep,Шеп,Mehdi,Fleco,Shep,Mehdi,Fleco,ボブ,밥,包伯,包伯
duk00,Bill,Bill,Gino,Bill,Билл,Choco,Paquito,Bill,Choco,Paquito,ピータン,코코아,皮蛋,皮蛋
duk01,Kalle,Joey,Pino,Joey,Джоуи,Joseph,Pascual,Joey,Joseph,Pascual,リチャード,리처드,李察,李察
duk02,Daune,Pate,Camilla,Pate,Пэйт,Terrine,Pati,Pate,Terrine,Pati,ナッキー,나키,愛哭鬼,爱哭鬼
duk03,Sissi,Maelle,Palmita,Maelle,Маэль,Maëlle,Patidifú,Maelle,Maëlle,Patidifú,アンヌ,앤,安妮,安妮
duk04,Olivia,Deena,Dina,Deena,Дина,Mina,Martita,Deena,Mina,Martita,まりも,마리모,毬藻,球藻
duk05,Erika,Pompom,Erica,Pompom,Помпом,Pompon,Flopi,Pompom,Pompon,Flopi,のりっぺ,주디,海苔裴,海苔裴
duk06,Marina,Mallary,Sofia,Mallary,Мэллари,Mallory,Mirta,Mallary,Mallory,Mirta,スミモモ,스미모,蘇米,苏米
duk07,Quacks,Freckles,Semola,Freckles,Фреклс,Caro,Rebeca,Freckles,Caro,Rebeca,マグロ,다랑어,小鮪,小鲔
duk08,Erwin,Derwin,Mike,Derwin,Дервин,Prof,Torcuato,Derwin,Prof,Torcuato,ボン,봉,阿坊,阿坊
duk09,Gustav,Drake,Drago,Drake,Дрейк,Colvert,Draco,Drake,Colvert,Draco,フォアグラ,푸아그라,肥肝,肥肝
duk10,Helmut,Scoot,Guizzo,Scoot,Скут,Scooter,Chema,Scoot,Scooter,Chema,マモル,지키미,阿守,阿守
duk11,Volker,Weber,Pasquale,Weber,Вебер,Bébert,Paticio,Weber,Bébert,Paticio,アチョット,아잠만,卿德,卿德
duk12,Tanya,Miranda,Miranda,Miranda,Миранда,Maëllis,Miranda,Miranda,Maëllis,Miranda,ミランダ,미란다,米蘭達,米兰达
duk13,Pullunda,Ketchup,Ketchup,Ketchup,Кетчуп,Ketchup,Kétchup,Ketchup,Ketchup,Kétchup,ケチャップ,케첩,番茄醬,番茄酱
duk15,Gustavia,Gloria,Pappy,Gloria,Глория,Déborah,Jarrea,Gloria,Déborah,Jarrea,スワンソン,마릴린,素返真,素返真
duk16,Monika,Molly,Molly,Molly,Молли,Molly,Deira,Molly,Molly,Deira,カモミ,귀오미,亞美,亚美
duk17,Quentin,Quillson,Verdonio,Quillson,Квилсон,Narcisse,Cuálter,Quillson,Narcisse,Cuálter,タックン,덕근,何童,何童
elp00,Olga,Opal,Opal,Opal,Опал,Opaline,Ópalo,Opal,Opaline,Ópalo,オパール,오팔,露露,露露
elp01,Bastian,Dizzy,Annibale,Dizzy,Диззи,Pachy,Quique,Dizzy,Pachy,Quique,ヒュージ,휴지,巨巨,巨巨
elp02,Benni,Big Top,Grande C,Big Top,Биг-Топ,Miles,Déivid,Big Top,Miles,Déivid,３ごう,3호,阿三,阿三
elp03,Frauke,Eloise,Eloisa,Eloise,Элоиза,Éloïse,Eloísa,Eloise,Éloïse,Eloísa,エレフィン,엘레핀,艾勒芬,艾勒芬
elp04,Elisa,Margie,Marianna,Margie,Марджи,Maguy,Rita,Margie,Maguy,Rita,サリー,샐리,莎莉,莎莉
elp05,Paolo,Paolo,Paolino,Paolo,Паоло,Paolo,Paolo,Paolo,Paolo,Paolo,パオロ,파올로,保羅,保罗
elp06,Axel,Axel,Sandro,Axel,Аксель,Axel,Eustakio,Axel,Axel,Eustakio,エックスエル,엑스엘리,大大,大大
elp07,Elfi,Ellie,Elly,Ellie,Элла,Ella,Eli,Ellie,Ella,Eli,エクレア,에끌레르,泡芙,泡芙
elp09,Thorsten,Tucker,Sventolo,Tucker,Такер,Barry,Pirolo,Tucker,Barry,Pirolo,はじめ,맘모,阿原,阿原
elp10,Eleonore,Tia,Fanny,Tia,Тиа,Fanny,Meralda,Tia,Fanny,Meralda,ティーナ,티나,茉莉,茉莉
elp11,Chai,Chai,Chai,Chai,Чай,Chaï,Chai,Chai,Chaï,Chai,フィーカ,피카,啡卡,啡卡
elp12,Sid,Cyd,Sid,Cyd,Сид,Punk,Ramón,Cyd,Punk,Ramón,パンクス,펑크스,龐克斯,庞克斯
flg00,Liliane,Lily,Gigliola,Lily,Лили,Raina,Lili,Lily,Raina,Lili,レイニー,레이니,雷妮,雷妮
flg01,Robbi,Ribbot,Ranabot,Ribbot,Риббот,Crabot,Ranobot,Ribbot,Crabot,Ranobot,ガチャ,철컥,鏘鏘,锵锵
flg02,Fritz,Frobert,Froberto,Frobert,Фроберт,Verbert,Croaldo,Frobert,Verbert,Croaldo,コージィ,구리구리,江適,江适
flg03,Tarno,Camofrog,Crambo,Camofrog,Камофрог,Milos,Comando,Camofrog,Milos,Comando,フルメタル,충성,迷仔,迷仔
flg04,Caspar,Drift,Prospero,Drift,Дрифт,Gordon,Surfín,Drift,Gordon,Surfín,ドク,덕,毒仔,毒仔
flg05,Warzi,Wart Jr.,Porro,Wart Jr.,Варт-мл.,Crakos,Saponcio,Wart Jr.,Crakos,Saponcio,サム,샘,山姆,山姆
flg06,Nele,Puddles,Grazia,Puddles,Рената,Rénata,Nenúfar,Puddles,Rénata,Nenúfar,チョキ,가위,剪刀,剪刀
flg07,Jörg,Jeremiah,Geremia,Jeremiah,Джеремия,Jérémie,Jeremías,Jeremiah,Jérémie,Jeremías,クワトロ,드리미,阿刻,阿刻
flg09,Paul,Tad,Achille,Tad,Тэд,Rénato,Saltonio,Tad,Rénato,Saltonio,タンボ,텀보,阿田,阿田
flg10,Jacques,Cousteau,Jacques,Cousteau,Кусто,Figaro,Cousteau,Cousteau,Figaro,Cousteau,ハルマキ,왕서방,春卷,春卷
flg11,Knuth,Huck,Berto,Huck,Хак,Bajoue,Ricardo,Huck,Bajoue,Ricardo,ストロー,스트로,吸管,吸管
flg12,Prinz,Prince,Principe,Prince,Принс,Prince,Felipe,Prince,Prince,Felipe,カール,카일,青呱,青呱
flg13,Jeanette,Jambette,Giada,Jambette,Джембет,Gambette,Anquita,Jambette,Gambette,Anquita,エスメラルダ,에스메랄다,翡翠,翡翠
flg15,Sani,Raddle,Massimo,Raddle,Рэддл,Fabien,Radiolo,Raddle,Fabien,Radiolo,カックン,개군,嘉俊,嘉俊
flg16,Violetta,Gigi,Raganà,Gigi,Джиджи,Gloria,Cleo,Gigi,Gloria,Cleo,リンダ,린다,林妲,林妲
flg17,Carlo,Croque,Gracido,Croque,Крок,Carlos,Ranolfo,Croque,Carlos,Ranolfo,タイシ,투투,太子,太子
flg18,Dörte,Diva,Viola,Diva,Дива,Violette,Morania,Diva,Violette,Morania,アイーダ,아이다,小睫,小睫
flg19,Freddy,Henry,Renato,Henry,Генри,Henri,Saperto,Henry,Henri,Saperto,ヘンリー,헨리,亨利,亨利
goa00,Anette,Chevre,Diletta,Chevre,Шевр,Biquette,Cabriola,Chevre,Biquette,Cabriola,ユキ,윤이,雪兒,雪儿
goa01,Zenobi,Nan,Nan,Nan,Нань,Nana,Pécora,Nan,Nana,Pécora,スミ,순이,墨墨,墨墨
goa02,Hennes,Billy,Billy,Billy,Билли,Seguin,Brito,Billy,Seguin,Brito,アーシンド,힘드러,亞星,亚星
goa04,Gregor,Gruff,Capriolé,Gruff,Графф,Grognon,Sátiro,Gruff,Grognon,Sátiro,ビリー,빌리,比利,比利
goa06,Wilma,Velma,Belarda,Velma,Велма,Véra,Erika,Velma,Véra,Erika,ピティエ,벨마,班長,班长
goa07,Bocki,Kidd,Vittorio,Kidd,Кидд,Moktar,Cabrálex,Kidd,Mokhtar,Cabrálex,やさお,염두리,文青,文青
goa08,Pamela,Pashmina,Pashmina,Pashmina,Пашмина,Chavrina,Carla,Pashmina,Chavrina,Carla,バーバラ,바바라,芭芭拉,芭芭拉
goa09,Morpheus,Sherb,Capraldo,Sherb,Шерб,Capri,Morfeo,Sherb,Capri,Morfeo,レム,래미,雷姆,雷姆
gor00,Alfredo,Cesar,Cesare,Cesar,Цезарь,César,César,Cesar,César,César,アラン,앨런,阿朗,阿朗
gor01,Manfred,Peewee,Kong,Peewee,Пиви,Gogo,Lotar,Peewee,Gogo,Lotar,ダンベル,덤벨,啞鈴,哑铃
gor02,Kong,Boone,Babu,Boone,Бун,Babouin,Babú,Boone,Babouin,Babú,まんたろう,만복이,萬泰,万泰
gor04,Ludwig,Louie,Lou,Louie,Луи,Louis,Lou,Louie,Louis,Lou,マッスル,머슬,壯壯,壮壮
gor05,Boyd,Boyd,Brando,Boyd,Бойд,Primo,Bunga,Boyd,Primo,Bunga,ボイド,보이드,空空,空空
gor07,Konga,Violet,Konga,Violet,Конга,Gaëlle,Magenta,Violet,Gaëlle,Magenta,ウズメ,줌마,吳紫眉,吴紫眉
gor08,Kokong,Al,Gregorio,Al,Эл,Gustave,Álex,Al,Gustave,Álex,たもつ,우락,阿保,阿保
gor09,Katrin,Rocket,Kinga,Rocket,Рокет,Gertrude,Gloria,Rocket,Gertrude,Gloria,４ごう,4호,阿四,阿四
gor10,Hans,Hans,Grigilio,Hans,Ганс,Loran,Hans,Hans,Loran,Hans,スナイル,스나일,史奈魯,史奈鲁
gor11,Rilla,Rilla,Rilla,Rilla,Рилла,Rilla,Rila,Rilla,Rilla,Rila,リラ,릴라,莉拉,莉拉
ham00,Hamid,Hamlet,Amleto,Hamlet,Гамлет,Jojo,Bombo,Hamlet,Jojo,Bombo,ハムスケ,햄스틴,哈姆,哈姆
ham01,Jessi,Apple,Cicci,Apple,Эпл,Esther,Rosi,Apple,Esther,Rosi,アップル,애플,蘋果,苹果
ham02,Günther,Graham,Evaristo,Graham,Грэм,Graham,Roelio,Graham,Graham,Roelio,グラハム,글라햄,麥麥,麦麦
ham03,Reinhold,Rodney,Rosikkio,Rodney,Родни,Chico,Chusquis,Rodney,Chico,Chusquis,ジミー,지미,米米,米米
ham04,Samira,Soleil,Cettina,Soleil,Солей,Stella,Soraya,Soleil,Stella,Soraya,シャンティ,샨티,安安,安安
ham05,Dietmar,Clay,Carmelo,Clay,Клэй,Guido,Boliche,Clay,Guido,Boliche,どぐろう,햄둥,子墨,子墨
ham06,Emilie,Flurry,Meringa,Flurry,Фларри,Emma,Lluvia,Flurry,Emma,Lluvia,ゆきみ,뽀야미,雪美,雪美
ham07,Heinrich,Hamphrey,Nerone,Hamphrey,Хэмфри,Charles,Arsenio,Hamphrey,Charles,Arsenio,ハムジ,햄쥐,小倉,小仓
ham09,Marlo,Marlo,Goffredo,Marlo,Марло,Marlou,Marlo,Marlo,Marlou,Marlo,ドンチャン,보스터,胖督,胖督
hip00,Richi,Rocco,Rocco,Rocco,Рокко,Bebel,Roco,Rocco,Bebel,Roco,ゴンザレス,곤잘레스,孔在來,孔在来
hip02,Christin,Bubbles,Ippolita,Bubbles,Баблс,Hippy,Hipólita,Bubbles,Hippy,Hipólita,チャコ,차코,曹珂,曹珂
hip03,Berta,Bertha,Umberta,Bertha,Берта,Bertha,Berta,Bertha,Bertha,Berta,あんこ,베티,豆沙,豆沙
hip04,Norbert,Biff,Pippo,Biff,Бифф,Biff,Pipo,Biff,Biff,Pipo,ガブリエル,가브리엘,賈寶為,贾宝为
hip05,Biggi,Bitty,Rosetta,Bitty,Битти,Potama,Ofelia,Bitty,Potama,Ofelia,エーミー,비티,艾咪,艾咪
hip08,Jürgen,Harry,Ercolino,Harry,Гарри,Bob,Harpo,Harry,Bob,Harpo,オリバー,올리버,歐世豪,欧世豪
hip09,Herbert,Hippeux,Poppy,Hippeux,Гиппо,Paulito,Hipóleo,Hippeux,Paulito,Hipóleo,ディビッド,데이빗,戴維,戴维
hrs00,Rudi,Buck,Trottolo,Buck,Бак,Daniel,Trotón,Buck,Daniel,Trotón,ヴァヤシコフ,바야시코프,威亞,威亚
hrs01,Emma,Victoria,Vittoria,Victoria,Виктория,Victoria,Victoria,Victoria,Victoria,Victoria,セントアロー,센트엘로,聖蘿,圣萝
hrs02,Zara,Savannah,Savannah,Savannah,Саванна,Savana,Sabana,Savannah,Savana,Sabana,サバンナ,사반나,草斑娜,草斑娜
hrs03,Emil,Elmer,Oreste,Elmer,Элмер,Martin,Jacinto,Elmer,Martin,Jacinto,サブレ,샤브렌,酥餅,酥饼
hrs04,Jolly,Roscoe,Roscoe,Roscoe,Роско,Rosco,Jereza,Roscoe,Rosco,Jereza,シュバルツ,슈베르트,黑馬,黑马
hrs05,Walli,Winnie,Clara,Winnie,Винни,Anne,Soonia,Winnie,Anne,Soonia,マキバスター,카로틴,馬星星,马星星
hrs06,Hermann,Ed,Codino,Ed,Эд,Édouard,Crinaldo,Ed,Édouard,Crinaldo,キザノホマレ,꺼벙,馬譽,马誉
hrs07,Birgit,Cleo,Susanna,Cleo,Клео,Cléa,Clotilde,Cleo,Cléa,Clotilde,アイソトープ,아이소토프,小鈾,小铀
hrs08,Claire,Peaches,Ronzina,Peaches,Пичес,Prune,Perla,Peaches,Prune,Perla,ドサコ,말자,小薰,小薰
hrs09,Annerose,Annalise,Lisa,Annalise,Лиза,Âne-lise,Isadora,Annalise,Âne-lise,Isadora,シルブプレ,실부플레,舒芙蕾,舒芙蕾
hrs10,Tommi,Clyde,Lallo,Clyde,Клайд,Dorian,Moe,Clyde,Dorian,Moe,デースケ,마철이,笛笛,笛笛
hrs11,Carsten,Colton,Furio,Colton,Колтон,Tony,Furio,Colton,Tony,Furio,アンソニー,안소니,安索尼,安索尼
hrs12,Friedel,Papi,Pierino,Papi,Папи,Bourrico,Bayo,Papi,Bourrico,Bayo,オカッピ,마사마,小岡,小冈
hrs13,Jimmy,Julian,Giuliano,Julian,Джулиан,Lico,Azulino,Julian,Lico,Azulino,ジュリー,유니오,朱黎,朱黎
hrs16,Andrea,Reneigh,Requina,Reneigh,Рени,Jennifer,Corcelia,Reneigh,Jennifer,Corcelia,リアーナ,리아나,雷哈娜,雷哈娜
kal00,Ute,Yuka,Yuka,Yuka,Юка,Calypso,Yuka,Yuka,Calypso,Yuka,ユーカリ,유카리,尤嘉莉,尤嘉莉
kal01,Konny,Alice,Alice,Alice,Алиса,Alice,Zelanda,Alice,Alice,Zelanda,メルボルン,멜버른,莫兒,莫儿
kal02,Kornelia,Melba,Melba,Melba,Мельба,Melba,Melba,Melba,Melba,Melba,アデレード,아델레이드,阿得,阿得
kal03,Silke,Sydney,Sidney,Sydney,Сидни,Koaline,Sidney,Sydney,Koaline,Sidney,シドニー,시드니,思穎,思颖
kal04,Heribert,Gonzo,Gonzo,Gonzo,Гонзо,Gonzo,Bronco,Gonzo,Gonzo,Bronco,ゴンゾー,근성,鋼鎖,钢锁
kal05,Oskar,Ozzie,Ozzy,Ozzie,Оззи,Koko,Koloa,Ozzie,Koko,Koloa,ドングリ,동동이,阿栗,阿栗
kal07,Finchen,Faith,Calipso,Faith,Фэйт,Kolette,Felicia,Faith,Kolette,Felicia,マーチ,마치,游琪,游琪
kal08,Caroline,Canberra,Canberra,Canberra,Канберра,Kolala,Canberra,Canberra,Kolala,Canberra,キャンベラ,캔버라,簡培菈,简培菈
kal09,Pepe,Lyman,Nicola,Lyman,Лайман,Kalyptus,Chipi,Lyman,Kalyptus,Chipi,オズモンド,오즈먼드,敖志明,敖志明
kal10,Sunny,Eugene,Corrado,Eugene,Юджин,Jamy,Eucalín,Eugene,Jamy,Eucalín,ロッキー,코알,羅奇,罗奇
kgr00,Kerstin,Kitt,Kitt,Kitt,Китт,Poquette,Antípoda,Kitt,Poquette,Antípoda,アップリケ,애플리케,縫縫,缝缝
kgr01,Marga,Mathilda,Matilda,Mathilda,Матильда,Mathilde,Pugilda,Mathilda,Mathilde,Pugilda,アザラク,안젤라,亞莎,亚莎
kgr02,Carola,Carrie,Taschina,Carrie,Кэрри,Kanga,Lola,Carrie,Kanga,Lola,マミィ,마미,媽咪,妈咪
kgr05,Astrid,Astrid,Stella,Astrid,Астрид,Rhona,Astrid,Astrid,Rhona,Astrid,キッズ,펑키맘,童兒,童儿
kgr06,Sylvia,Sylvia,Silvia,Sylvia,Сильвия,Madsi,Cándida,Sylvia,Madsi,Cándida,シルビア,실비아,希薇亞,希薇亚
kgr08,Sinan,Walt,Zompo,Walt,Уолт,Walt,Brinco,Walt,Walt,Brinco,カンロク,관록,袋鋼,袋钢
kgr09,Robert,Rooney,Balzak,Rooney,Руни,Mike,Cerillo,Rooney,Mike,Cerillo,マイク,마이크,麥克,麦克
kgr10,Marlies,Marcie,Adelaide,Marcie,Марси,Selma,Brisa,Marcie,Selma,Brisa,マリア,마리아,瑪莉亞,玛莉亚
lon00,Dieter,Bud,Leo,Bud,Бад,Léonard,Surfleo,Bud,Léonard,Surfleo,グラさん,선글,莫敬,莫敬
lon01,Leonardo,Elvis,Elvis,Elvis,Элвис,Elvis,Elvis,Elvis,Elvis,Elvis,キング,킹,皇獅,皇狮
lon02,Rex,Rex,Rex,Rex,Рекс,Léo,Leoncio,Rex,Léo,Leoncio,サンデー,렉스,晴天,晴天
lon04,Leandro,Leopold,Leandro,Leopold,Леопольд,Leandro,Leopoldo,Leopold,Leandro,Leopoldo,ティーチャー,티처,老獅,老狮
lon06,Leonhard,Mott,Leopold,Mott,Мотт,Aimé,Jones,Mott,Aimé,Jones,リック,릭,李克,李克
lon07,Leon,Rory,Ruggero,Rory,Рори,Hercule,Rogelio,Rory,Hercule,Rogelio,アーサー,아더,亞瑟,亚瑟
lon08,Lorenz,Lionel,Leonida,Lionel,Лайонел,Léopold,Lionel,Lionel,Léopold,Lionel,ライオネル,라이오넬,賴恩睿,赖恩睿
mnk01,Dorothea,Nana,Nanà,Nana,Нана,Mireille,Nana,Nana,Mireille,Nana,チッチ,키키,七七,七七
mnk02,Simon,Simon,Simon,Simon,Саймон,Simon,Simón,Simon,Simon,Simón,エテキチ,시몬,遠仁,远仁
mnk03,Bonni,Tammi,Tammi,Tammi,Тэмми,Lili,Tami,Tammi,Lili,Tami,エイプリル,에이프릴,四月,四月
mnk04,Daniel,Monty,Mimmo,Monty,Монти,Lourant,Burton,Monty,Lourant,Burton,サルモンティ,몽티,皮猴,皮猴
mnk05,Steffi,Elise,Elisa,Elise,Элиза,Élise,Mayra,Elise,Élise,Mayra,モンこ,몽자,孟琪,孟琪
mnk06,Pippo,Flip,Benny,Flip,Флип,Rudy,Monet,Flip,Rudy,Monet,さすけ,원승,天佑,天佑
mnk07,Uta,Shari,Ninì,Shari,Шари,Luna,Montse,Shari,Luna,Montse,シェリー,젤리,雪莉,雪莉
mnk08,Anton,Deli,Bobo,Deli,Дели,Magogo,Cana,Deli,Magogo,Cana,デリー,델리,德里,德里
mnk09,Tiansheng,Tiansheng,Tiansheng,Tiansheng,Тяньшэн,Tiansheng,Tiansheng,Tiansheng,Tiansheng,Tiansheng,テンシン,제천,天聖,天圣
mus00,Dora,Dora,Serena,Dora,Дора,Dora,Dori,Dora,Dora,Dori,とめ,티미,杜美,杜美
mus01,Rafael,Limberg,Rosico,Limberg,Лимберг,Gruyère,Camember,Limberg,Gruyère,Camember,らっきょ,단무지,韭菜,韭菜
mus02,Susi,Bella,Bella,Bella,Белла,Belle,Prity,Bella,Belle,Prity,イザベラ,이자벨,貝拉,贝拉
mus03,Jenny,Bree,Ginella,Bree,Бри,Quenotte,Brie,Bree,Quenotte,Brie,サラ,사라,西瓜皮,西瓜皮
mus04,Samson,Samson,Sansone,Samson,Самсон,Samson,Sansón,Samson,Samson,Sansón,ピース,피스,和平,和平
mus05,Manni,Rod,Riccardo,Rod,Род,Marcel,Rodi,Rod,Marcel,Rodi,ジャン,쟝,阿將,阿将
mus08,Renate,Candi,Mella,Candi,Кэнди,Sucrette,Chuchi,Candi,Sucrette,Chuchi,かんゆ,사탕,甘油,甘油
mus09,Ricky,Rizzo,Rizzo,Rizzo,Риццо,Sourizzi,Ratolón,Rizzo,Sourizzi,Ratolón,ちょろきち,조르쥐,悄俊,悄俊
mus10,Eva,Anicotti,Squitta,Anicotti,Аникотти,Annie,Clorinda,Anicotti,Annie,Clorinda,ラザニア,라자냐,羅萱兒,罗萱儿
mus12,Fritzi,Broccolo,Franco,Broccolo,Брокколо,Steven,Brócoli,Broccolo,Steven,Brócoli,ブロッコリー,브로콜리,茜藍,茜蓝
mus14,Mausbert,Moose,Aldo,Moose,Муз,Joachim,Sato,Moose,Joachim,Sato,ピン,핑,阿聘,阿聘
mus15,Schoki,Bettina,Rattina,Bettina,Беттина,Sabrina,Ottina,Bettina,Sabrina,Ottina,マルコ,마르카,丸子,丸子
mus16,Gretel,Greta,Greta,Greta,Грета,Greta,Jimena,Greta,Greta,Jimena,ふくこ,복자,如意,如意
mus17,Penelope,Penelope,Penelope,Penelope,Адела,Missy,Adela,Penelope,Missy,Adela,チューこ,찍순이,小啾,小啾
mus18,Charlie,Chadder,Gruviero,Chadder,Чаддер,Mozzar,Roque,Chadder,Mozzar,Roque,チーズ,치즈,起司,起司
mus19,Pipette,Petri,Petronilla,Petri,Петри,Shimi,Petri,Petri,Shimi,Petri,リカ,리카,理佳,理佳
ocp00,Ottfried,Octavian,Ottavio,Octavian,Октавиан,Octave,Octavio,Octavian,Octave,Octavio,おくたろう,문복,張瑜,张瑜
ocp01,Marianne,Marina,Marina,Marina,Марина,Marina,Marina,Marina,Marina,Marina,タコリーナ,문리나,章立娜,章立娜
ocp02,Ottokar,Zucker,Poldo,Zucker,Цукер,Marvin,Paulino,Zucker,Marvin,Paulino,タコヤ,탁호,章丸丸,章丸丸
ocp04,Tentatron,Cephalobot,Polpobot,Cephalobot,Цефалобот,Octoborg,Octoberto,Cephalobot,Octoborg,Octoberto,ギーガー,기가,吉格爾,吉格尔
ost00,Isabella,Queenie,Regina,Queenie,Квини,Reine,Marujita,Queenie,Reine,Marujita,タキュ,택주,果果,果果
ost01,Sandra,Gladys,Marta,Gladys,Глэдис,Gladys,Gladis,Gladys,Gladys,Gladis,ちとせ,빅토리아,仙仙,仙仙
ost02,Senta,Sandy,Alessia,Sandy,Сэнди,Ottie,Priscila,Sandy,Ottie,Priscila,ラン,샌디,小嵐,小岚
ost03,Lutz,Sprocket,Frankie,Sprocket,Спрокет,Laflèche,Ráfaga,Sprocket,Laflèche,Ráfaga,ヘルツ,헤르츠,鶴茲,鹤兹
ost04,Verona,Rio,Rita,Rio,Рио,Estrella,Río,Rio,Estrella,Río,デジャネイロ,데자네,勒內盧,勒内卢
ost05,Julia,Julia,Giulia,Julia,Джулия,Julie,Julia,Julia,Julie,Julia,ジュリア,줄리아,朱莉亞,朱莉亚
ost06,Guido,Cranston,Carmine,Cranston,Крэнстон,Gabin,Carmelo,Cranston,Gabin,Carmelo,トキオ,타키,朱祿,朱禄
ost07,Ingo,Phil,Enzo,Phil,Фил,Phil,Amalio,Phil,Phil,Amalio,ケイン,케인,凱恩,凯恩
ost08,Christa,Blanche,Emilia,Blanche,Бланш,Sophie,Rocío,Blanche,Sophie,Rocío,しのぶ,신옥,小偲,小偲
ost09,Flora,Flora,Rosalba,Flora,Флора,Justine,Azucena,Flora,Justine,Azucena,フララ,플라라,胡拉拉,胡拉拉
ost10,Philippa,Phoebe,Fenicia,Phoebe,Фиби,Faustine,Avelina,Phoebe,Faustine,Avelina,ヒノコ,휘니,火鳥,火鸟
pbr00,Apollo,Apollo,Apollo,Apollo,Аполло,Apollon,Apolo,Apollo,Apollon,Apolo,アポロ,아폴로,阿波羅,阿波罗
pbr01,Adelheid,Amelia,Amelia,Amelia,Амелия,Aurélie,Amelia,Amelia,Aurélie,Amelia,アンデス,안데스,安地斯,安地斯
pbr02,Adrian,Pierce,Attilio,Pierce,Пирс,Napoléon,Hugo,Pierce,Napoléon,Hugo,セバスチャン,세바스찬,謝博強,谢博强
pbr03,Balduin,Buzz,Golia,Buzz,Базз,Phébus,Nabar,Buzz,Phébus,Nabar,ひでよし,근엄,繼光,继光
pbr05,Quetzal,Avery,Falco,Avery,Авери,Faust,Cuzco,Avery,Faust,Cuzco,クスケチャ,쿠스케처,安谷斯,安谷斯
pbr06,Arthur,Frank,Frank,Frank,Франк,Greggae,Aquilino,Frank,Greggae,Aquilino,ハルク,헐크,浩克,浩克
pbr07,Horst,Sterling,Beccodì,Sterling,Стерлинг,Manfred,Arni,Sterling,Manfred,Arni,ギンカク,은수리,銀閣,银阁
pbr08,Kai,Keaton,Aquilio,Keaton,Китон,Enzo,Lucho,Keaton,Enzo,Lucho,フランク,프랭크,法蘭克,法兰克
pbr09,Lora,Celia,Celia,Celia,Селия,Garance,Jazmín,Celia,Garance,Jazmín,ティファニー,티파니,蒂芬妮,蒂芬妮
pbr10,Kim,Quinn,Astro,Quinn,Квинн,Astair,Alexis,Quinn,Astair,Alexis,シオン,시온,席恩,席恩
pgn00,Sonja,Aurora,Aurora,Aurora,Аврора,Aurore,Aurora,Aurora,Aurore,Aurora,オーロラ,오로라,歐若拉,欧若拉
pgn01,Roland,Roald,Angelino,Roald,Роальд,Reynald,Bobi,Roald,Reynald,Bobi,ペンタ,펭수,企鵝達,企鹅达
pgn02,Cube,Cube,Cubetto,Cube,Кьюб,Cube,Cube,Cube,Cube,Cube,ビス,빙수,羅斯,罗斯
pgn03,Hauke,Hopper,Pinguaio,Hopper,Хоппер,Victor,Güiñón,Hopper,Victor,Güiñón,ダルマン,달만이,達滿,达满
pgn04,Frieda,Friga,Frida,Friga,Фрига,Friga,Frida,Friga,Friga,Frida,サブリナ,사브리나,謝賓娜,谢宾娜
pgn05,Judith,Gwen,Gelinda,Gwen,Гвен,Gwen,Fabiola,Gwen,Gwen,Fabiola,ポーラ,폴라,寶拉,宝拉
pgn06,Puck,Puck,Glacido,Puck,Пак,Hervé,Fredo,Puck,Hervé,Fredo,ホッケー,하키,哈奇,哈奇
pgn07,Achim,Chabwick,Ottone,Chabwick,Чебвик,Zinzin,Gabino,Chabwick,Zinzin,Gabino,のぶお,펭구,信雄,信雄
pgn09,Staksi,Wade,Plinio,Wade,Уэйд,Miglou,Petín,Wade,Miglou,Petín,カマボコ,호떡,竹輪,竹轮
pgn10,Max,Boomer,Icaro,Boomer,Бумер,Ethan,Serafino,Boomer,Ethan,Serafino,ショーイ,팽기,秀益,秀益
pgn11,Pingi,Iggly,Piccio,Iggly,Игли,Urbain,Bobo,Iggly,Urbain,Bobo,のりまき,김말이,花壽司,花寿司
pgn12,Matze,Tex,Freddy,Tex,Текс,Émilien,Tomeo,Tex,Émilien,Tomeo,ボルト,볼트,伏特,伏特
pgn13,Susanne,Flo,Nives,Flo,Фло,Nora,Nieves,Flo,Nora,Nieves,レイラ,레이라,蕾拉,蕾拉
pgn14,Svenja,Sprinkle,Brina,Sprinkle,Спринкл,Laurie,Rizolda,Sprinkle,Laurie,Rizolda,フラッペ,크리미,冰莎,冰莎
pig00,Oink,Curly,Ricciolo,Curly,Керли,Tirbou,Rufueto,Curly,Tirbou,Rufueto,ハムカツ,햄까스,勝利,胜利
pig01,Luzie,Truffles,Grufetta,Truffles,Трафлс,Trufa,Trufas,Truffles,Trufa,Trufas,トンコ,탱고,嘟嘟,嘟嘟
pig02,Ede,Rasher,Broncio,Rasher,Рашер,Salami,Curtis,Rasher,Salami,Curtis,グレオ,글레이,古烈,古烈
pig03,Hugo,Hugh,Jambon,Hugh,Хью,Bonno,Jacobo,Hugh,Bonno,Jacobo,クッチャネ,먹고파,阿豬,阿猪
pig04,Larissa,Lucy,Lucy,Lucy,Люси,Lucie,Aurelia,Lucy,Lucie,Aurelia,ルーシー,루시,露西,露西
pig05,Schwarte,Crackle,Cicciolo,Crackle,Крэкл,Justin,Espork,Spork,Justin,Espork,ポーク,포크,肉肉,肉肉
pig08,Rolo,Cobb,Wurst,Cobb,Кобб,Porken,Franfuá,Cobb,Porken,Franfuá,ハカセ,박사,博士,博士
pig09,Bolle,Boris,Boris,Boris,Борис,Boris,Boris,Boris,Boris,Boris,ダリー,보리,達利,达利
pig10,Magda,Maggie,Marcella,Maggie,Мэгги,Marjorie,Margarí,Maggie,Marjorie,Margarí,マーガレット,마가렛,瑪格,玛格
pig11,Quiekie,Peggy,Sally,Peggy,Пегги,Rose,Peggy,Peggy,Rose,Peggy,ちえり,체리,千惠,千惠
pig13,Oinka,Gala,Lisetta,Gala,Гала,Camille,Marita,Gala,Camille,Marita,ためこ,꽃지,小芽,小芽
pig14,Clemens,Chops,Lino,Chops,Чопс,Aaron,Solomín,Chops,Aaron,Solomín,トンファン,돈후앙,豚皇,豚皇
pig15,Kevin,Kevin,Kotekiño,Kevin,Кевин,Jean-Bon,Porcinio,Kevin,Jean-Bon,Porcinio,イノッチ,멧지,伊比利,伊比利
pig16,Brigitte,Pancetti,Cicciola,Pancetti,Панчетти,Lydie,Talía,Pancetti,Lydie,Talía,ブリトニー,브리트니,布蘭妮,布兰妮
pig17,Nora,Agnes,Maia,Agnes,Агнес,Pansy,Negrea,Agnes,Pansy,Nerea,アグネス,아그네스,古乃欣,古乃欣
rbt00,Mimmi,Bunnie,Bonny,Bunnie,Банни,Clara,Coni,Bunnie,Clara,Coni,リリアン,릴리안,莉莉安,莉莉安
rbt01,Doro,Dotty,Dotty,Dotty,Дотти,Dorothée,Katia,Dotty,Dorothée,Katia,マーサ,서머,瑪莎,玛莎
rbt02,Koko,Coco,Coco,Coco,Коко,Coco,Cocoloca,Coco,Coco,Cocoloca,やよい,이요,仰韶,仰韶
rbt03,Philip,Snake,Razzo,Snake,Снейк,Jeannot,Rayo,Snake,Jeannot,Rayo,モモチ,닌토,百川,百川
rbt04,Gaston,Gaston,Gaston,Gaston,Гастон,Gaston,Gastón,Gaston,Gaston,Gastón,モサキチ,대길,猛兔,猛兔
rbt05,Gabi,Gabi,Gabri,Gabi,Габи,Gaby,Piluca,Gabi,Gaby,Piluca,ペチカ,패티카,珮琪,珮琪
rbt06,Lotta,Pippy,Pippi,Pippy,Пиппи,Nadia,Méloni,Pippy,Nadia,Méloni,ロッタ,로타,羅塔,罗塔
rbt07,Michelle,Tiffany,Stefania,Tiffany,Тиффани,Tiphaine,Tiffany,Tiffany,Tiphaine,Tiffany,バズレー,바슬레,大姐頭,大姐头
rbt08,Aki,Genji,Genji,Genji,Гэндзи,Kali,Sumo,Genji,Kali,Sumo,ゲンジ,토시,儒林,儒林
rbt09,Rubina,Ruby,Rubina,Ruby,Руби,Rubis,Rubí,Ruby,Rubis,Rubí,ルナ,루나,月兔,月兔
rbt10,Gustl,Doc,Doc,Doc,Док,Doc,Crispín,Doc,Doc,Crispín,トビオ,토니,阿飛,阿飞
rbt11,Claude,Claude,Claude,Claude,Клод,Claude,Pablo,Claude,Claude,Pablo,ビネガー,비니거,阿醋,阿醋
rbt12,Manu,Francine,Franca,Francine,Франсин,Nadine,Natacha,Francine,Nadine,Natacha,フランソワ,프랑소와,法藍琪,法蓝琪
rbt13,Anne,Chrissy,Natascha,Chrissy,Крисси,Kristine,Lali,Chrissy,Kristine,Lali,クリスチーヌ,크리스틴,克莉琪,克莉琪
rbt14,Poldi,Hopkins,Azeglio,Hopkins,Хопкинс,Grignote,Saltiago,Hopkins,Grignote,Saltiago,プースケ,홉킨스,風杰,风杰
rbt15,Nico,O'Hare,Fritz,O'Hare,О'Хэар,Civet,Ernesto,O'Hare,Civet,Ernesto,サントス,산토스,桑托斯,桑托斯
rbt16,Hilda,Carmen,Conny,Carmen,Кармен,Zoé,Linda,Carmen,Zoé,Linda,チョコ,초코,巧蔻,巧蔻
rbt17,Henrike,Bonbon,Lolly,Bonbon,Бонбон,Sylvette,Chocolat,Bonbon,Sylvette,Chocolat,ミミィ,미미,妙妙,妙妙
rbt18,Karl,Cole,Lello,Cole,Коул,Épicure,Nicolás,Cole,Épicure,Nicolás,アマミン,아마민,阿甘,阿甘
rbt19,Mira,Mira,Martina,Mira,Мира,Grisette,Amparo,Mira,Grisette,Amparo,ミラコ,미랑,蜜拉,蜜拉
rbt20,Toby,Toby,Toby,Toby,Тоби,Toby,Toby,Toby,Toby,Toby,トビー,토비,咚比,咚比
rbt21,Gerrit,Sasha,Sasha,Sasha,Геррит,Alix,Ariel,Sasha,Alix,Ariel,ミッチェル,미첼,蜜雪兒,蜜雪儿
rhn00,Frank,Tank,Rinaldo,Tank,Танк,Ben,Aníbal,Tank,Ben,Aníbal,くるぶし,탱크,阿足,阿足
rhn01,Regina,Rhonda,Roby,Rhonda,Ронда,Renée,Ronda,Rhonda,Renée,Ronda,ユメコ,론다,夢夢,梦梦
rhn02,Atze,Spike,Bruto,Spike,Спайк,Rhino,Cornio,Spike,Rhino,Cornio,スクワット,스쿼트,阿蹲,阿蹲
rhn04,Rüdiger,Hornsby,Rino,Hornsby,Хорнсби,Cornio,Rino,Hornsby,Cornio,Rino,みつお,뿌람,光雄,光雄
rhn05,Jasmin,Azalea,Ortensia,Azalea,Азалия,Azalée,Azalea,Azalea,Azalée,Azalea,ペチュニア,페튜니아,碧芊,碧芊
rhn07,Maria,Merengue,Irina,Merengue,Меренг,Patty,Natura,Merengue,Patty,Natura,パティ,스트로베리,草莓,草莓
rhn08,Ilona,Renée,Renata,Renée,Рене,Rina,Rina,Renée,Rina,Rina,おさい,뿔님이,柴姐,柴姐
shp00,Dolly,Vesta,Lanella,Vesta,Веста,Hélaine,Vesta,Vesta,Hélaine,Vesta,メリヤス,메리어스,綿綿,绵绵
shp01,Babsi,Baabara,Bea,Baabara,Бабара,Bêêtty,Beelén,Baabara,Bêêtty,Beelén,トロワ,트로와,華爾滋,华尔滋
shp02,Edith,Eunice,Tenerina,Eunice,Юнис,Bérénice,Lanolina,Eunice,Bérénice,Lanolina,モヘア,곱슬이,毛海兒,毛海儿
shp03,Stella,Stella,Merina,Stella,Стелла,Bigoudi,Merina,Stella,Bigoudi,Merina,アクリル,아크릴,氈氈,毡毡
shp04,Lana,Cashmere,Cashmere,Cashmere,Кашмир,Cashmir,Cachemir,Cashmere,Cashmir,Cachemir,ラムール,캐시미어,愛睦,爱睦
shp07,Natascha,Willow,Belinda,Willow,Уиллоу,Maï,Cuqui,Willow,Maï,Cuqui,マリー,마리,梅麗諾,梅丽诺
shp08,Locke,Curlos,Boccolo,Curlos,Керлос,Tonton,Carnerio,Curlos,Tonton,Carnerio,カルロス,카를로스,賈洛斯,贾洛斯
shp09,Wolli,Wendy,Agnola,Wendy,Венди,Karen,Franela,Wendy,Karen,Franela,みぞれ,눈송이,雪花,雪花
shp10,Tippsi,Timbra,Ambra,Timbra,Тимбра,Sélène,Hebra,Timbra,Sélène,Hebra,つかさ,잔디,阿司,阿司
shp11,Martina,Frita,Landa,Frita,Фрита,Clarabêl,Ovinia,Frita,Clarabêl,Ovinia,ウェンディ,웬디,溫蒂,温蒂
shp12,Marion,Muffy,Morena,Muffy,Маффи,Charlène,Muaré,Muffy,Charlène,Muaré,フリル,프릴,彭澎,彭澎
shp13,Pietro,Pietro,Giulivo,Pietro,Пьетро,Pietro,Kikolor,Pietro,Pietro,Kikolor,ジュペッティ,피엘,皮耶羅,皮耶罗
shp14,Etoile,Étoile,Étoile,Étoile,Этуаль,Étoile,Etoile,Étoile,Étoile,Etoile,エトワール,에뜨와르,彩星,彩星
shp15,Dominik,Dom,Ovilio,Donny,Дом,Bouloche,Fibrilio,Dom,Bouloche,Fibrilio,ちゃちゃまる,차둘,茶茶丸,茶茶丸
squ00,Paulina,Peanut,Rachele,Peanut,Пинат,Rachida,Belinda,Peanut,Rachida,Belinda,ももこ,핑키,小桃,小桃
squ01,Klara,Blaire,Ghianda,Blaire,Блер,Cachou,Azabache,Blaire,Cachou,Azabache,シルエット,실루엣,小影,小影
squ02,Felix,Filbert,Scriccio,Filbert,Филберт,Filibert,Filberto,Filbert,Filibert,Filberto,リッキー,리키,瑞奇,瑞奇
squ03,Noisette,Pecan,Nocina,Pecan,Пекан,Pécan,Camila,Pecan,Pécan,Camila,レベッカ,레베카,雷貝嘉,雷贝嘉
squ04,Knuspi,Nibbles,Rododea,Nibbles,Ниблз,Lola,Dentina,Nibbles,Lola,Dentina,ガリガリ,그리미,咬咬,咬咬
squ05,Karin,Agent S,Agente S,Agent S,Агент С,Ninjette,Fardilia,Agent S,Ninjette,Fardilia,２ごう,2호,阿二,阿二
squ06,Ricarda,Caroline,Carolina,Caroline,Каролина,Isabelle,Mariló,Caroline,Isabelle,Mariló,キャロライン,캐롤라인,賈蘿琳,贾萝琳
squ07,Hanne,Sally,Rossella,Sally,Салли,Damia,Praliné,Sally,Damia,Praliné,ララミー,라라미,拉拉米,拉拉米
squ08,Rudolf,Static,Protone,Static,Статик,Électro,Protón,Static,Électro,Protón,スパーク,스파크,閃電,闪电
squ09,Marika,Mint,Mentulla,Mint,Минт,Amande,Menta,Mint,Amande,Menta,ミント,민트,小敏,小敏
squ10,Ronny,Ricky,Sberlo,Ricky,Рики,Rocky,Altramuz,Ricky,Rocky,Altramuz,カジロウ,갈가리,嘉治,嘉治
squ11,Hörnchen,Cally,Rosa,Cally,Кэлли,Célia,Almendra,Cally,Célia,Almendra,パセリ,파슬리,小芹,小芹
squ13,Natalja,Tasha,Teresa,Tasha,Таша,Nadeige,Tania,Tasha,Nadeige,Tania,ナターシャ,나타샤,娜塔麗,娜塔丽
squ14,Maren,Sylvana,Silvana,Sylvana,Сильвана,Mounia,Silvana,Sylvana,Mounia,Silvana,もんぺ,실바나,孟珮,孟珮
squ15,Trita,Poppy,Granella,Poppy,Поппи,Irène,Encina,Poppy,Irène,Encina,グミ,다람,軟糖,软糖
squ16,Steffen,Sheldon,Frugolo,Sheldon,Шелдон,Roy,Matracas,Sheldon,Roy,Matracas,クリス,크리스,克栗斯,克栗斯
squ17,Huschke,Marshal,Scott,Marshal,Маршал,Mathéo,Munchi,Marshal,Mathéo,Munchi,ジュン,쭈니,小潤,小润
squ18,Nadine,Hazel,Cigliola,Hazel,Хейзел,Pamela,Anacarda,Hazel,Pamela,Anacarda,アイリス,아이리스,艾栗絲,艾栗丝
squ21,Vega,Ione,Pervinca,Ione,Ионе,Terra,Auri,Ione,Terra,Auri,スピカ,스피카,穗星,穗星
tig00,Boris,Rolf,Rolf,Rolf,Рольф,Ralf,Albino,Rolf,Ralf,Albino,チョモラン,호랭이,朱穆朗,朱穆朗
tig01,Gisbert,Rowan,Ernesto,Rowan,Роуэн,Marito,Miguelón,Rowan,Marito,Miguelón,ゴメス,고메스,戈麥斯,戈麦斯
tig02,Arne,Tybalt,Ubaldo,Tybalt,Тибальт,Jeff,Teobaldo,Tybalt,Jeff,Teobaldo,ハリマオ,티볼트,谷豐,谷丰
tig03,Tamara,Bangle,Tigrizia,Bangle,Бэнгл,Bengale,Felina,Bangle,Bengale,Felina,ルーズ,루주,盧姿,卢姿
tig04,Tim,Leonardo,Bengalo,Leonardo,Леонардо,Dolph,Leocadio,Leonardo,Dolph,Leocadio,ヒョウタ,범호,阿彪,阿彪
tig05,Lilly,Claudia,Lilla,Claudia,Клаудия,Vanina,Lilu,Claudia,Vanina,Lilu,マリリン,신디,馬麗蓮,马丽莲
tig06,Bettina,Bianca,Grattina,Bianca,Бьянка,Noémie,Bianca,Bianca,Noémie,Bianca,コユキ,백희,小雪,小雪
wol00,Sascha,Chief,Artiglio,Chief,Чиф,Chef,Zoilo,Chief,Chef,Zoilo,チーフ,대장,施傅,施傅
wol01,Lupo,Lobo,Lupen,Lobo,Лобо,Lobo,Lupo,Lobo,Lobo,Lupo,ブンジロウ,늑태,潘奇隆,潘奇隆
wol02,Weber,Wolfgang,Wolfgang,Wolfgang,Вольфи,Wolfgang,Wolfi,Wolfgang,Wolfgang,Wolfi,ロボ,로보,羅博,罗博
wol03,Lupa,Whitney,Bianca,Whitney,Уитни,Blanche,Lupe,Whitney,Blanche,Lupe,ビアンカ,비앙카,畢安卡,毕安卡
wol04,Sigmund,Dobie,Sigmund,Dobie,Доби,Loupiot,Germán,Dobie,Loupiot,Germán,けん,켄,阿研,阿研
wol05,Freya,Freya,Freya,Freya,Фрея,Luppa,Lupita,Freya,Luppa,Lupita,ツンドラ,산드라,冰冰,冰冰
wol06,Grimm,Fang,Zanna,Fang,Фанг,Pierrot,Colmillo,Fang,Pierrot,Colmillo,シベリア,시베리아,史培亞,史培亚
wol08,Viviane,Vivian,Viviana,Vivian,Вивьен,Viviane,Viviana,Vivian,Viviane,Viviana,ヴァネッサ,바네사,范妮莎,范妮沙
wol09,Sabine,Skye,Lupilla,Skye,Скай,Marilou,Alderia,Skye,Marilou,Alderia,リリィ,릴리,百合,百合
wol10,Wolfgang,Kyle,Ululo,Kyle,Кайл,Gary,Ataúlfo,Kyle,Gary,Ataúlfo,リカルド,리카르도,李可,李可
wol12,Katharina,Audie,Lupilia,Audie,Оди,Monica,Mónica,Audie,Monica,Mónica,モニカ,모니카,莫妮卡,莫妮卡
